name,price,url
Торшер Ральф Beige,13 990,/product/torsher-ralf-beige
Подвесной светильник Ферум Orange,4990,/product/podvesnoj-svetilnik-ferum-orange
Настольная лампа Нидлс Raffia Beige,6990,/product/nastolnaya-lampa-nidls-raffia-beige
Светильник потолочный Ринга Black,2490,/product/svetilnik-potolochnyj-ringa-black
Торшер Грено-2 Beige,13 990,/product/torsher-greno-2-beige
Торшер Бьйорк White,11 990,/product/torsher-bjork-white
Подвесной светильник Нидлс Beige,5990,/product/podvesnoj-svetilnik-nidls-beige
Настольная лампа Машрум-2 Black,4990,/product/nastolnaya-lampa-mashrum-2-black
Торшер Вена Black,11 990,/product/torsher-vena-black
Торшер Бинду Beige,16 990,/product/torsher-bindu-beige
Торшер Ларри Black,13 990,/product/torsher-larri-black
Подвесной светильник Тубули-5 Wood,8990,/product/podvesnoj-svetilnik-tubuli-5-wood
Настольная лампа Сфера Orange,5990,/product/nastolnaya-lampa-sfera-orange
Бра Смастен White,4990,/product/bra-smasten-white
Торшер Алней-1 Black,7990,/product/torsher-alnej-1-black
Настольная лампа Арвика Wood,5990,/product/nastolnaya-lampa-arvika-wood
Настольная лампа Спайк Orange,1390,/product/nastolnaya-lampa-spajk-orange
Подвесной светильник Инлада Wood,6490,/product/podvesnoj-svetilnik-inlada-wood
Торшер Нидлс-2 Black,15 990,/product/torsher-nidls-2-black
Настольная лампа Алней Beige,5990,/product/nastolnaya-lampa-alnej-beige
Настольная лампа Нидлс-3 Beige,4990,/product/nastolnaya-lampa-nidls-3-beige
Подвесной светильник Намсен Black,7490,/product/podvesnoj-svetilnik-namsen-black
Торшер Алней-1 Orange,8990,/product/torsher-alnej-1-orange
Настольная лампа Машрум-2 Pink,4990,/product/nastolnaya-lampa-mashrum-2-pink
Торшер Нидлс Khaki,16 990,/product/torsher-nidls-khaki
Торшер Нидлс-2 Beige,15 990,/product/torsher-nidls-2-beige
Люстра Ливсден Brown,18 990,/product/lyustra-livsden-brown
Торшер Алней-1 Beige,7990,/product/torsher-alnej-1-beige
Подвесной светильник Гронтри-1 Wood,9490,/product/podvesnoj-svetilnik-grontri-1-wood
Торшер Грено-2 Black,13 990,/product/torsher-greno-2-black
Настольная лампа Машрум-2 Gold,5990,/product/nastolnaya-lampa-mashrum-2-gold
Настольная лампа Нидлс-2 Beige,3990,/product/nastolnaya-lampa-nidls-2-beige
Настольная лампа Спайк Green,1390,/product/nastolnaya-lampa-spajk-green
Настольная лампа Машрум-2 Green,4990,/product/nastolnaya-lampa-mashrum-2-green
Бра Бракетт White,4490,/product/bra-brakett-white
Торшер Алней-1 Green,7990,/product/torsher-alnej-1-green
Настольная лампа Алней Black,5990,/product/nastolnaya-lampa-alnej-black
Торшер Ральф White,13 990,/product/torsher-ralf-white
Подвесной светильник Отра Wood,12 490,/product/podvesnoj-svetilnik-otra-wood
Торшер Ларри Green,13 990,/product/torsher-larri-green
Настольная лампа Алней Orange,5990,/product/nastolnaya-lampa-alnej-orange
Настольная лампа Машрум-2 Silver,5990,/product/nastolnaya-lampa-mashrum-2-silver
Светильник потолочный Орхус White,16 990,/product/svetilnik-potolochnyj-orhus-white
Торшер Ларри Beige,13 990,/product/torsher-larri-beige
Настольная лампа Раффи Round,6990,/product/nastolnaya-lampa-raffi-round
Торшер Грено-2 Silver,15 990,/product/torsher-greno-2-silver
Торшер Раффи Round,12 990,/product/torsher-raffi-round
Настольная лампа Машрум-2 Grey,4990,/product/nastolnaya-lampa-mashrum-2-grey
